City_ID,City,Country,Date,Lat,Lng,Max Temp,Humidity,Cloudiness,Wind Speed
0,Punta Arenas,CL,2021-07-20 20:15:07,-53.15,-70.9167,42.12,73,20,11.5
1,Mbanza-Ngungu,CD,2021-07-20 20:17:54,-5.25,14.8667,74.23,40,1,4.47
2,Ribeira Grande,PT,2021-07-20 20:17:54,38.5167,-28.7,72.0,83,40,16.11
3,Busselton,AU,2021-07-20 20:13:17,-33.65,115.3333,53.1,93,100,12.59
4,Port Alfred,ZA,2021-07-20 20:17:54,-33.5906,26.891,56.71,81,100,27.51
5,Nemuro,JP,2021-07-20 20:14:16,43.3236,145.575,59.83,97,98,7.87
6,Riyadh,SA,2021-07-20 20:17:14,24.6877,46.7219,96.94,18,100,5.5
7,Evensk,RU,2021-07-20 20:17:55,61.95,159.2333,53.58,83,97,3.91
8,Turcianske Teplice,SK,2021-07-20 20:17:55,48.8623,18.8605,60.22,94,14,5.01
9,Hay River,CA,2021-07-20 20:15:18,60.8156,-115.7999,65.57,58,42,5.86
10,Kapaa,US,2021-07-20 20:17:55,22.0752,-159.319,82.38,78,75,5.01
11,Muzhi,RU,2021-07-20 20:17:56,65.3667,64.6667,54.19,72,29,10.96
12,Koumac,NC,2021-07-20 20:17:56,-20.5667,164.2833,68.92,75,90,4.99
13,Cape Town,ZA,2021-07-20 20:14:16,-33.9258,18.4232,48.11,90,57,1.01
14,Los Llanitos,HN,2021-07-20 20:17:56,13.2869,-87.3344,97.25,34,39,8.19
15,Anito,PH,2021-07-20 20:13:51,12.4497,125.2886,79.86,83,100,8.75
16,Albany,US,2021-07-20 20:17:57,42.6001,-73.9662,87.13,64,15,8.55
17,Rabo De Peixe,PT,2021-07-20 20:14:41,37.8,-25.5833,71.11,94,75,14.97
18,Leninogorsk,RU,2021-07-20 20:17:57,54.6026,52.4609,66.2,97,100,6.87
19,Raudeberg,NO,2021-07-20 20:17:57,61.9875,5.1352,55.0,73,10,14.5
20,Borba,BR,2021-07-20 20:17:58,-4.3878,-59.5939,93.06,37,62,1.59
21,Mehran,IR,2021-07-20 20:17:58,33.1222,46.1646,98.08,11,0,7.4
22,Avarua,CK,2021-07-20 20:13:00,-21.2078,-159.775,78.85,83,20,17.27
23,Bubaque,GW,2021-07-20 20:17:58,11.2833,-15.8333,82.18,80,100,11.61
24,Churachandpur,IN,2021-07-20 20:17:58,24.3333,93.6667,68.29,99,100,0.96
25,Barrow,US,2021-07-20 20:17:54,71.2906,-156.7887,37.42,95,90,19.57
26,Saint-Augustin,CA,2021-07-20 20:17:59,51.226,-58.6502,66.67,72,76,7.47
27,Bluff,NZ,2021-07-20 20:17:59,-46.6,168.3333,41.81,78,100,11.59
28,Assens,DK,2021-07-20 20:17:59,55.2702,9.9008,64.26,84,21,16.04
29,Tuatapere,NZ,2021-07-20 20:17:59,-46.1333,167.6833,41.83,87,100,6.35
30,Port Elizabeth,ZA,2021-07-20 20:18:00,-33.918,25.5701,51.1,81,100,22.5
31,Hithadhoo,MV,2021-07-20 20:18:00,-0.6,73.0833,80.83,79,90,9.55
32,Gariaband,IN,2021-07-20 20:18:00,20.635,82.0614,75.34,93,100,6.17
33,Hermanus,ZA,2021-07-20 20:18:00,-34.4187,19.2345,47.89,69,8,8.55
34,Rawson,AR,2021-07-20 20:18:01,-43.3002,-65.1023,56.93,38,77,14.63
35,Mataura,NZ,2021-07-20 20:18:01,-46.1927,168.8643,41.49,90,100,3.49
36,Longyearbyen,SJ,2021-07-20 20:18:01,78.2186,15.6401,40.84,75,75,3.44
37,Hamilton,US,2021-07-20 20:13:38,39.1834,-84.5333,88.21,59,1,1.01
38,Dikson,RU,2021-07-20 20:13:33,73.5069,80.5464,44.8,71,100,12.68
39,Havelock,US,2021-07-20 20:18:02,34.8791,-76.9013,82.36,89,93,7.0
40,Mundgod,IN,2021-07-20 20:18:02,14.9667,75.0333,71.01,96,100,10.04
41,Qaanaaq,GL,2021-07-20 20:13:03,77.484,-69.3632,40.24,77,99,2.33
42,Ushuaia,AR,2021-07-20 20:18:02,-54.8,-68.3,35.26,69,75,13.8
43,Lewiston,US,2021-07-20 20:14:24,44.1003,-70.2148,81.23,92,75,0.0
44,Florence,IT,2021-07-20 20:15:22,43.7667,11.25,81.7,45,0,3.44
45,North Myrtle Beach,US,2021-07-20 20:17:26,33.816,-78.68,83.35,82,20,1.01
46,Kailua,US,2021-07-20 20:17:39,21.4022,-157.7394,85.98,65,40,13.8
47,Providencia,MX,2021-07-20 20:18:03,28.7167,-111.5833,104.56,40,37,7.0
48,Borogontsy,RU,2021-07-20 20:18:03,62.6683,131.1683,63.36,75,99,4.21
49,Rikitea,PF,2021-07-20 20:18:03,-23.1203,-134.9692,71.49,65,100,24.58
50,Husavik,IS,2021-07-20 20:18:04,66.0449,-17.3389,73.31,75,7,5.23
51,Oranjemund,NA,2021-07-20 20:13:04,-28.55,16.4333,52.45,72,0,12.37
52,Yellowknife,CA,2021-07-20 20:18:04,62.456,-114.3525,74.28,43,75,4.61
53,Matadi,CD,2021-07-20 20:18:04,-5.8167,13.45,74.75,70,1,8.28
54,Tarutyne,UA,2021-07-20 20:18:05,46.1858,29.1506,72.36,81,27,7.47
55,Jiaojiang,CN,2021-07-20 20:18:05,28.6803,121.4428,78.01,93,1,8.21
56,Ola,RU,2021-07-20 20:18:05,59.5833,151.2833,53.98,92,100,4.68
57,Sabzevar,IR,2021-07-20 20:18:05,36.2126,57.6819,82.56,18,0,8.46
58,Orlik,RU,2021-07-20 20:18:05,52.5178,99.825,52.81,92,100,0.72
59,Mitsamiouli,KM,2021-07-20 20:18:06,-11.3847,43.2844,77.72,75,2,6.33
60,Golyshmanovo,RU,2021-07-20 20:18:06,56.3979,68.3728,62.2,86,74,5.99
61,Caucaia,BR,2021-07-20 20:14:19,-3.7361,-38.6531,85.06,71,0,12.66
62,Norman Wells,CA,2021-07-20 20:18:06,65.282,-126.8329,77.04,47,20,17.27
63,Ogbomosho,NG,2021-07-20 20:18:07,8.133,4.25,74.03,87,100,5.21
64,Havre-Saint-Pierre,CA,2021-07-20 20:18:07,50.2334,-63.5986,70.16,60,1,6.91
65,Hofn,IS,2021-07-20 20:18:07,64.2539,-15.2082,54.37,89,69,7.7
66,Atuona,PF,2021-07-20 20:18:07,-9.8,-139.0333,76.69,79,26,24.25
67,Surt,LY,2021-07-20 20:18:08,31.2089,16.5887,79.14,69,0,9.51
68,Lazaro Cardenas,MX,2021-07-20 20:18:08,17.9583,-102.2,86.54,68,100,6.62
69,Doha,QA,2021-07-20 20:17:26,25.2867,51.5333,95.31,67,0,12.66
70,Viedma,AR,2021-07-20 20:18:08,-40.8135,-62.9967,60.22,45,21,12.19
71,Ponta Do Sol,PT,2021-07-20 20:18:08,32.6667,-17.1,73.71,79,0,2.73
72,Jamestown,US,2021-07-20 20:18:09,42.097,-79.2353,84.09,57,20,9.22
73,Esperance,AU,2021-07-20 20:18:09,-33.8667,121.9,54.7,93,100,19.06
74,Adrar,MR,2021-07-20 20:18:09,20.5022,-10.0711,100.15,7,14,12.03
75,Komsomolskiy,UZ,2021-07-20 20:18:10,40.4272,71.7189,72.32,60,75,13.8
76,Airai,TL,2021-07-20 20:18:10,-8.9266,125.4092,55.54,87,29,3.74
77,Ketchikan,US,2021-07-20 20:18:10,55.3422,-131.6461,57.67,94,90,6.91
78,Virginia Beach,US,2021-07-20 20:15:22,36.8529,-75.978,89.04,50,75,4.61
79,Kirakira,SB,2021-07-20 20:18:10,-10.4544,161.9205,77.43,86,42,7.25
80,Homer,US,2021-07-20 20:18:11,59.6425,-151.5483,60.08,83,90,3.44
81,Isangel,VU,2021-07-20 20:18:11,-19.55,169.2667,74.75,89,11,5.12
82,Svetlogorsk,BY,2021-07-20 20:18:11,52.6333,29.7333,65.44,74,98,6.31
83,Arraial Do Cabo,BR,2021-07-20 20:18:11,-22.9661,-42.0278,67.96,60,0,10.36
84,Nikolskoye,RU,2021-07-20 20:18:12,59.7035,30.7861,60.4,92,91,6.11
85,Fort Nelson,CA,2021-07-20 20:15:06,58.8053,-122.7002,75.4,42,51,2.21
86,Vaini,TO,2021-07-20 20:18:12,-21.2,-175.2,75.36,94,20,4.61
87,Hobart,AU,2021-07-20 20:18:12,-42.8794,147.3294,43.05,81,20,3.0
88,Itaituba,BR,2021-07-20 20:18:12,-4.2761,-55.9836,89.76,62,75,5.75
89,Itarema,BR,2021-07-20 20:18:13,-2.9248,-39.9167,81.34,76,6,17.45
90,Vila Velha,BR,2021-07-20 20:15:05,-20.3297,-40.2925,71.55,53,0,18.41
91,Fortuna,US,2021-07-20 20:18:13,40.5982,-124.1573,89.47,76,43,4.0
92,Nouadhibou,MR,2021-07-20 20:18:13,20.931,-17.0347,75.18,78,1,10.36
93,Ternate,ID,2021-07-20 20:18:14,0.8,127.4,79.27,80,78,2.86
94,Kodiak,US,2021-07-20 20:13:21,57.79,-152.4072,60.31,77,90,10.36
95,Pevek,RU,2021-07-20 20:18:14,69.7008,170.3133,40.98,77,100,0.94
96,Tasiilaq,GL,2021-07-20 20:18:14,65.6145,-37.6368,42.96,95,91,5.97
97,Chuy,UY,2021-07-20 20:18:15,-33.6971,-53.4616,53.42,67,8,9.24
98,Lagoa,PT,2021-07-20 20:18:15,39.05,-27.9833,68.52,88,2,22.68
99,Along,IN,2021-07-20 20:18:15,28.1667,94.7667,75.99,98,100,1.66
100,Muros,ES,2021-07-20 20:14:03,42.7762,-9.0603,68.5,85,61,9.62
101,Matara,LK,2021-07-20 20:18:15,5.9485,80.5353,80.08,83,100,14.58
102,Lodja,CD,2021-07-20 20:18:16,-3.4833,23.4333,76.89,34,99,0.6
103,Havre,FR,2021-07-20 20:18:16,49.5833,0.3333,73.83,64,0,5.75
104,Carnarvon,AU,2021-07-20 20:18:16,-24.8667,113.6333,68.07,81,90,5.75
105,Damghan,IR,2021-07-20 20:18:17,36.1683,54.348,79.81,28,0,3.87
106,Torbay,CA,2021-07-20 20:18:17,47.6666,-52.7314,72.88,93,75,11.5
107,Port Lincoln,AU,2021-07-20 20:15:07,-34.7333,135.8667,51.04,60,100,4.56
108,Shingu,JP,2021-07-20 20:13:27,33.7333,135.9833,73.9,92,38,6.6
109,Arica,CL,2021-07-20 20:18:17,-18.475,-70.3042,61.03,77,90,8.05
110,Sioux Lookout,CA,2021-07-20 20:18:18,50.1001,-91.917,71.67,33,40,2.3
111,Bathsheba,BB,2021-07-20 20:18:18,13.2167,-59.5167,84.81,74,40,19.57
112,Sola,VU,2021-07-20 20:14:39,-13.8833,167.55,79.45,75,64,8.99
113,Progreso,MX,2021-07-20 20:18:18,21.2833,-89.6667,96.12,61,6,14.7
114,Bengkulu,ID,2021-07-20 20:18:18,-3.8004,102.2655,75.02,89,32,3.53
115,Khatanga,RU,2021-07-20 20:18:19,71.9667,102.5,54.79,78,100,7.09
116,Baykit,RU,2021-07-20 20:18:19,61.67,96.37,51.44,93,29,1.14
117,Beirut,LB,2021-07-20 20:13:24,33.8889,35.4944,81.34,65,40,9.22
118,Souillac,MU,2021-07-20 20:13:24,-20.5167,57.5167,71.37,70,77,20.07
119,Ilulissat,GL,2021-07-20 20:18:19,69.2167,-51.1,48.22,66,40,6.91
120,Bredasdorp,ZA,2021-07-20 20:18:19,-34.5322,20.0403,45.72,81,42,10.36
121,Isla Mujeres,MX,2021-07-20 20:18:20,21.2311,-86.731,89.65,69,0,10.31
122,Meridian,US,2021-07-20 20:13:38,43.6121,-116.3915,90.84,40,1,4.61
123,Hong Gai,VN,2021-07-20 20:18:20,20.956,107.0946,80.51,89,100,5.06
124,Faanui,PF,2021-07-20 20:18:21,-16.4833,-151.75,78.98,76,11,21.65
125,Esso,RU,2021-07-20 20:18:21,55.9333,158.7,59.88,86,98,4.27
126,Taunggyi,MM,2021-07-20 20:18:21,20.7833,97.0333,64.53,98,100,3.53
127,Lingao,CN,2021-07-20 20:18:21,19.9103,109.6859,82.18,81,100,14.63
128,Nome,US,2021-07-20 20:18:22,64.5011,-165.4064,53.17,93,90,13.8
129,Sterling,US,2021-07-20 20:15:37,39.0062,-77.4286,93.94,46,20,1.99
130,Puerto Ayora,EC,2021-07-20 20:18:22,-0.7393,-90.3518,82.36,86,93,8.99
131,Lebu,CL,2021-07-20 20:18:22,-37.6167,-73.65,55.47,88,100,11.01
132,Sungaipenuh,ID,2021-07-20 20:13:47,-2.0833,101.3833,61.11,83,51,1.86
133,Butaritari,KI,2021-07-20 20:18:23,3.0707,172.7902,82.31,74,100,6.4
134,Sabha,LY,2021-07-20 20:18:23,27.0377,14.4283,89.64,15,0,9.62
135,Castro,BR,2021-07-20 20:18:23,-24.7911,-50.0119,54.21,57,94,3.2
136,Victoria,HK,2021-07-20 20:18:23,22.2855,114.1577,80.65,93,100,11.01
137,Imbituba,BR,2021-07-20 20:18:24,-28.24,-48.6703,60.69,72,100,5.66
138,Flinders,AU,2021-07-20 20:18:24,-34.5833,150.8552,51.19,60,100,7.0
139,Mbandaka,CD,2021-07-20 20:18:24,0.0487,18.2603,78.03,46,83,1.9
140,Poum,NC,2021-07-20 20:18:24,-20.2333,164.0167,69.87,70,14,13.27
141,Kapit,MY,2021-07-20 20:18:25,2.0167,112.9333,73.33,98,45,0.94
142,Santa Cruz,BO,2021-07-20 20:18:25,-17.8,-63.1667,71.65,24,75,6.91
143,Fukue,JP,2021-07-20 20:18:25,32.6881,128.8419,79.52,79,100,8.99
144,Bonavista,CA,2021-07-20 20:18:26,48.6499,-53.1147,69.8,99,100,12.12
145,Olinda,BR,2021-07-20 20:18:26,-8.0089,-34.8553,76.73,69,40,11.5
146,Marzuq,YE,2021-07-20 20:18:26,14.4,46.4667,76.96,66,94,5.41
147,Namibe,AO,2021-07-20 20:18:26,-15.1961,12.1522,64.63,87,14,6.2
148,Acarau,BR,2021-07-20 20:18:27,-2.8856,-40.12,82.08,74,5,17.85
149,Paamiut,GL,2021-07-20 20:18:27,61.994,-49.6678,41.85,98,100,0.56
150,Bambous Virieux,MU,2021-07-20 20:18:27,-20.3428,57.7575,71.22,78,40,18.41
151,Blackwater,AU,2021-07-20 20:18:27,-23.5833,148.8833,50.25,48,0,6.69
152,Nelson Bay,AU,2021-07-20 20:18:28,-32.7167,152.15,53.01,76,100,3.0
153,Saldanha,ZA,2021-07-20 20:18:28,-33.0117,17.9442,53.37,58,9,10.2
154,Inverell,AU,2021-07-20 20:18:28,-29.7833,151.1167,44.67,90,100,7.0
155,Caraballeda,VE,2021-07-20 20:18:28,10.6112,-66.8522,90.37,57,40,2.3
156,Los Llanos De Aridane,ES,2021-07-20 20:18:29,28.6585,-17.9182,69.55,89,75,14.97
157,Chapais,CA,2021-07-20 20:18:29,49.7834,-74.8492,67.78,32,84,8.5
158,Thompson,CA,2021-07-20 20:18:29,55.7435,-97.8558,73.56,35,20,4.61
159,Hilo,US,2021-07-20 20:14:09,19.7297,-155.09,81.28,87,90,3.44
160,Lorengau,PG,2021-07-20 20:18:30,-2.0226,147.2712,79.02,81,100,1.95
161,Sapa,PH,2021-07-20 20:18:30,5.1544,120.3241,81.9,80,56,6.98
162,East London,ZA,2021-07-20 20:18:30,-33.0153,27.9116,58.41,69,100,22.46
163,Padang,ID,2021-07-20 20:18:30,-0.9492,100.3543,76.28,82,100,4.36
164,Sinnamary,GF,2021-07-20 20:18:31,5.3833,-52.95,81.43,81,24,5.75
165,Benjamin Aceval,PY,2021-07-20 20:18:31,-24.9667,-57.5667,57.6,39,92,2.01
166,Charlottetown,CA,2021-07-20 20:18:31,46.2352,-63.1267,78.78,67,75,3.0
167,Santa Cruz De Tenerife,ES,2021-07-20 20:18:32,28.4682,-16.2546,75.72,76,40,7.0
168,Kaili,ID,2021-07-20 20:18:32,-3.4626,120.2147,66.06,94,99,2.75
169,Karratha,AU,2021-07-20 20:18:32,-20.7377,116.8463,69.03,74,76,8.08
170,Upernavik,GL,2021-07-20 20:18:33,72.7868,-56.1549,39.87,93,100,7.52
171,Missoula,US,2021-07-20 20:15:59,47.0166,-113.8009,81.0,38,75,2.84
172,Jackson,US,2021-07-20 20:18:33,42.4165,-122.8345,87.42,34,1,4.61
173,Phaltan,IN,2021-07-20 20:18:33,17.9833,74.4333,75.06,80,100,10.6
174,Saint-Philippe,RE,2021-07-20 20:18:34,-21.3585,55.7679,69.39,82,57,16.73
175,Buala,SB,2021-07-20 20:18:34,-8.145,159.5921,79.12,84,100,5.23
176,Falmouth,GB,2021-07-20 20:18:34,50.1544,-5.0711,74.3,88,0,8.05
177,Roald,NO,2021-07-20 20:14:11,62.5833,6.1333,56.16,76,40,4.61
178,New Norfolk,AU,2021-07-20 20:18:34,-42.7826,147.0587,42.71,79,52,1.01
179,Nenjiang,CN,2021-07-20 20:18:35,49.1833,125.2167,69.4,94,99,3.74
180,Dargaville,NZ,2021-07-20 20:18:35,-35.9333,173.8833,50.18,91,100,6.46
181,Puerto Escondido,MX,2021-07-20 20:18:35,15.85,-97.0667,90.43,58,20,9.22
182,Nyurba,RU,2021-07-20 20:18:36,63.2842,118.3319,54.16,98,56,2.19
183,Bethel,US,2021-07-20 20:18:36,41.3712,-73.414,87.73,65,1,1.01
184,Atar,MR,2021-07-20 20:18:36,20.5169,-13.0499,102.49,7,14,8.05
185,Kaitangata,NZ,2021-07-20 20:18:36,-46.2817,169.8464,42.93,76,76,4.92
186,Talaya,RU,2021-07-20 20:18:37,61.3833,152.75,64.87,57,91,2.91
187,Volokonovka,RU,2021-07-20 20:18:37,50.4827,37.8563,73.92,68,56,6.15
188,Spornoye,RU,2021-07-20 20:18:37,50.8448,37.2913,75.22,67,100,7.25
189,Guhagar,IN,2021-07-20 20:18:38,17.4842,73.1929,79.23,89,100,14.45
190,Olcea,RO,2021-07-20 20:18:38,46.6833,21.9833,67.01,91,28,6.04
191,Amahai,ID,2021-07-20 20:18:38,-3.3333,128.9167,76.51,91,71,2.15
192,Pastavy,BY,2021-07-20 20:17:12,55.1168,26.8326,58.57,76,72,6.53
193,Deputatskiy,RU,2021-07-20 20:18:39,69.3,139.9,51.57,81,99,12.55
194,Mar Del Plata,AR,2021-07-20 20:15:08,-38.0023,-57.5575,59.88,65,49,7.0
195,Severo-Kurilsk,RU,2021-07-20 20:18:39,50.6789,156.125,51.01,93,32,4.14
196,Abnub,EG,2021-07-20 20:18:39,27.2696,31.1511,95.22,17,0,10.04
197,Kijang,KR,2021-07-20 20:18:39,35.2442,129.2139,76.73,79,100,8.9
198,Saint Anthony,US,2021-07-20 20:18:40,45.0205,-93.218,92.14,46,75,5.75
199,La Tuque,CA,2021-07-20 20:18:40,47.4334,-72.7824,70.05,60,100,3.44
200,Hasaki,JP,2021-07-20 20:18:40,35.7333,140.8333,73.69,85,97,4.97
201,Balclutha,NZ,2021-07-20 20:18:40,-46.2339,169.75,42.6,76,77,3.8
202,Mumford,GH,2021-07-20 20:18:41,5.2618,-0.759,75.65,84,8,10.33
203,Kuala Terengganu,MY,2021-07-20 20:15:16,5.3302,103.1408,80.04,84,45,3.04
204,Kutum,SD,2021-07-20 20:18:41,14.2,24.6667,84.22,37,83,10.8
205,Ugoofaaru,MV,2021-07-20 20:18:41,5.6667,73.0,82.63,76,97,12.88
206,Villarrica,PY,2021-07-20 20:18:42,-25.75,-56.4333,66.36,35,49,1.05
207,Ancud,CL,2021-07-20 20:18:42,-41.8697,-73.8203,54.93,90,99,3.0
208,Teguldet,RU,2021-07-20 20:18:42,57.3064,88.1667,57.04,82,38,1.88
209,Sao Joao Da Barra,BR,2021-07-20 20:18:42,-21.6403,-41.0511,69.89,56,73,15.28
210,Bilma,NE,2021-07-20 20:18:43,18.6853,12.9164,97.95,13,21,8.48
211,College,US,2021-07-20 20:18:43,64.8569,-147.8028,81.59,42,40,4.61
212,Roma,US,2021-07-20 20:18:43,43.2128,-75.4557,86.13,63,20,9.22
213,La Ronge,CA,2021-07-20 20:18:44,55.1001,-105.2842,68.25,56,90,9.22
214,Gua Musang,MY,2021-07-20 20:18:44,4.8823,101.9644,74.55,86,97,1.12
215,Constitucion,CL,2021-07-20 20:18:44,-35.3333,-72.4167,62.82,65,100,12.03
216,Atchison,US,2021-07-20 20:15:34,39.563,-95.1216,88.48,63,0,5.17
217,Vila,PT,2021-07-20 20:18:45,42.0304,-8.1588,66.74,82,93,3.13
218,Huarmey,PE,2021-07-20 20:18:45,-10.0681,-78.1522,68.4,70,49,7.94
219,Vao,NC,2021-07-20 20:18:45,-22.6667,167.4833,70.23,80,6,9.51
220,Mahebourg,MU,2021-07-20 20:18:45,-20.4081,57.7,71.26,78,40,18.41
221,Cabo San Lucas,MX,2021-07-20 20:16:03,22.8909,-109.9124,102.51,40,40,8.05
222,Paducah,US,2021-07-20 20:17:24,37.0834,-88.6001,85.6,58,1,9.22
223,Taltal,CL,2021-07-20 20:18:46,-25.4,-70.4833,65.16,57,12,4.32
224,Schwarzenbek,DE,2021-07-20 20:18:46,53.5,10.4833,64.98,80,100,6.15
225,Tarko-Sale,RU,2021-07-20 20:18:46,64.9225,77.785,56.86,74,17,9.42
226,Pokhara,NP,2021-07-20 20:18:47,28.2333,83.9833,72.37,92,100,2.01
227,Pangai,TO,2021-07-20 20:18:47,-19.8,-174.35,78.91,73,20,10.36
228,Provideniya,RU,2021-07-20 20:18:47,64.3833,-173.3,51.91,71,90,6.71
229,Iqaluit,CA,2021-07-20 20:18:47,63.7506,-68.5145,42.53,93,90,5.99
230,Tuktoyaktuk,CA,2021-07-20 20:18:48,69.4541,-133.0374,75.2,46,1,18.41
231,Beringovskiy,RU,2021-07-20 20:18:48,63.05,179.3167,44.96,90,100,11.68
232,Pisco,PE,2021-07-20 20:18:48,-13.7,-76.2167,63.01,88,75,5.75
233,Narsaq,GL,2021-07-20 20:18:48,60.9167,-46.05,48.42,89,100,3.56
234,Srednekolymsk,RU,2021-07-20 20:18:49,67.45,153.6833,63.05,74,88,9.57
235,Shimoda,JP,2021-07-20 20:18:49,34.6667,138.95,74.1,85,8,2.53
236,Sexsmith,CA,2021-07-20 20:15:06,55.35,-118.786,61.02,95,100,3.47
237,Staunton,US,2021-07-20 20:14:53,38.1496,-79.0717,89.51,31,40,4.61
238,Cirebon,ID,2021-07-20 20:18:49,-6.7063,108.557,77.27,84,51,5.03
239,Esterhazy,CA,2021-07-20 20:18:50,50.65,-102.0843,67.05,85,100,9.24
240,Faya,SA,2021-07-20 20:18:50,18.3851,42.4509,64.51,80,99,6.04
241,Banda Aceh,ID,2021-07-20 20:18:50,5.5577,95.3222,79.79,79,100,14.41
242,Tautira,PF,2021-07-20 20:18:51,-17.7333,-149.15,84.22,81,30,23.47
243,Catamarca,AR,2021-07-20 20:18:51,-28.4696,-65.7852,75.65,31,0,1.99
244,Nueve De Julio,AR,2021-07-20 20:13:52,-35.4444,-60.8831,63.72,42,6,7.36
245,Kununurra,AU,2021-07-20 20:18:51,-15.7667,128.7333,53.58,76,86,0.0
246,Port Hardy,CA,2021-07-20 20:18:51,50.6996,-127.4199,62.78,77,75,9.22
247,Moose Factory,CA,2021-07-20 20:18:52,51.2585,-80.6094,69.8,42,1,10.36
248,Morondava,MG,2021-07-20 20:18:52,-20.2833,44.2833,72.1,76,3,10.07
249,Tiksi,RU,2021-07-20 20:18:52,71.6872,128.8694,43.75,80,46,3.38
250,Port Shepstone,ZA,2021-07-20 20:18:52,-30.7414,30.455,62.8,47,100,5.57
251,Empalme,MX,2021-07-20 20:18:53,27.9667,-110.8167,101.91,71,20,18.41
252,Formosa Do Rio Preto,BR,2021-07-20 20:18:53,-11.0483,-45.1931,90.91,19,0,6.76
253,Peniche,PT,2021-07-20 20:18:53,39.3558,-9.3811,67.48,85,96,17.18
254,Sorland,NO,2021-07-20 20:18:53,67.667,12.6934,48.27,78,100,20.94
255,Aksay,RU,2021-07-20 20:18:54,47.26,39.87,90.25,38,0,5.01
256,Chardara,KZ,2021-07-20 20:18:54,41.2547,67.9692,81.7,33,6,8.55
257,Zonguldak,TR,2021-07-20 20:18:54,41.25,31.8333,67.55,86,0,4.18
258,Mosquera,CO,2021-07-20 20:14:52,4.7059,-74.2302,64.49,55,40,9.22
259,Joshimath,IN,2021-07-20 20:18:54,30.5667,79.5667,70.63,95,99,0.89
260,Northam,GB,2021-07-20 20:18:55,51.0333,-4.2167,74.3,81,40,2.73
261,Birao,CF,2021-07-20 20:18:55,10.2849,22.7882,71.74,94,61,7.05
262,Nanortalik,GL,2021-07-20 20:18:55,60.1432,-45.2371,48.7,79,100,14.85
263,Rovaniemi,FI,2021-07-20 20:18:56,66.5,25.7167,45.81,87,0,3.44
264,Fort-Shevchenko,KZ,2021-07-20 20:18:56,44.5086,50.263,83.66,64,0,6.76
265,Shahr-E Babak,IR,2021-07-20 20:18:56,30.1165,55.1186,79.16,14,2,16.58
266,Ust-Maya,RU,2021-07-20 20:18:56,60.4167,134.5333,66.88,81,71,2.57
267,Luderitz,NA,2021-07-20 20:18:57,-26.6481,15.1594,55.42,63,0,25.19
268,Yumen,CN,2021-07-20 20:18:57,40.2833,97.2,68.16,55,92,14.34
269,Tahoua,NE,2021-07-20 20:18:57,14.8888,5.2692,91.94,41,6,9.04
270,Kaeo,NZ,2021-07-20 20:18:58,-35.1,173.7833,52.32,98,100,13.8
271,Kapuskasing,CA,2021-07-20 20:18:58,49.4169,-82.4331,69.89,42,75,9.22
272,Chokurdakh,RU,2021-07-20 20:18:58,70.6333,147.9167,51.85,88,86,10.38
273,Berlevag,NO,2021-07-20 20:18:58,70.8578,29.0864,44.6,81,75,16.11
274,San Carlos,VE,2021-07-20 20:18:59,9.6612,-68.5827,81.73,76,85,4.45
275,Beloha,MG,2021-07-20 20:18:59,-25.1667,45.05,70.95,60,15,6.93
276,Murgab,TM,2021-07-20 20:18:59,37.4966,61.9714,84.07,39,3,4.61
277,Lompoc,US,2021-07-20 20:18:59,34.6391,-120.4579,95.68,65,1,17.27
278,Marawi,PH,2021-07-20 20:19:00,7.9986,124.2928,69.66,90,100,5.28
279,Bellevue,US,2021-07-20 20:16:59,47.6104,-122.2007,68.23,76,90,3.0
280,Dingle,PH,2021-07-20 20:19:00,10.9995,122.6711,77.94,85,71,11.27
281,Pacific Grove,US,2021-07-20 20:19:00,36.6177,-121.9166,89.15,80,1,3.0
282,Ilo,PE,2021-07-20 20:19:01,-17.6394,-71.3375,59.86,82,90,6.91
283,Radzyn Podlaski,PL,2021-07-20 20:19:01,51.7833,22.6167,68.65,68,100,9.13
284,Hualmay,PE,2021-07-20 20:19:01,-11.0964,-77.6139,67.03,70,20,7.9
285,Dunkirk,FR,2021-07-20 20:19:02,51.05,2.3667,70.57,69,1,8.77
286,Fairbanks,US,2021-07-20 20:19:02,64.8378,-147.7164,81.61,42,1,4.61
287,Balkanabat,TM,2021-07-20 20:19:02,39.5108,54.3671,91.04,27,0,6.76
288,Port Keats,AU,2021-07-20 20:19:02,-14.25,129.55,65.98,29,18,8.77
289,Port Moresby,PG,2021-07-20 20:19:03,-9.4431,147.1797,74.28,86,99,5.82
290,Quthing,LS,2021-07-20 20:19:03,-30.4,27.7003,45.97,30,100,5.01
291,Clyde River,CA,2021-07-20 20:19:03,70.4692,-68.5914,39.43,93,40,9.22
292,Lavrentiya,RU,2021-07-20 20:19:03,65.5833,-171.0,45.68,91,100,9.55
293,Grand Gaube,MU,2021-07-20 20:19:04,-20.0064,57.6608,71.38,65,80,8.99
294,Mount Gambier,AU,2021-07-20 20:19:04,-37.8333,140.7667,47.12,80,100,5.88
295,Road Town,VG,2021-07-20 20:15:40,18.4167,-64.6167,86.2,66,20,11.5
296,Sur,OM,2021-07-20 20:19:04,22.5667,59.5289,91.92,56,63,18.52
297,Caravelas,BR,2021-07-20 20:19:04,-17.7125,-39.2481,71.55,67,100,12.91
298,Miri,MY,2021-07-20 20:19:05,4.4148,114.0089,76.62,88,100,3.91
299,Bastrop,US,2021-07-20 20:19:05,32.7562,-91.8724,87.48,81,40,3.44
300,Requena,ES,2021-07-20 20:19:05,39.4883,-1.1004,72.14,64,8,8.66
301,Jinchang,CN,2021-07-20 20:19:05,38.4953,102.1739,74.8,43,94,13.98
302,Pensilvania,US,2021-07-20 20:19:06,40.2724,-76.9057,90.28,59,20,1.01
303,Neyshabur,IR,2021-07-20 20:19:06,36.2133,58.7958,80.31,19,0,8.19
304,Meadow Lake,US,2021-07-20 20:15:06,34.8014,-106.5436,91.31,41,91,3.83
305,Kruisfontein,ZA,2021-07-20 20:19:06,-34.0033,24.7314,48.88,85,100,15.05
306,Georgetown,MY,2021-07-20 20:17:36,5.4112,100.3354,80.89,81,20,2.3
307,Khandbari,NP,2021-07-20 20:19:07,27.3747,87.2039,73.26,93,100,1.25
308,Saint-Louis,SN,2021-07-20 20:19:07,16.3333,-15.0,98.76,31,74,6.02
309,Yertarskiy,RU,2021-07-20 20:19:07,56.7902,64.2995,64.18,78,89,7.67
310,Salalah,OM,2021-07-20 20:19:08,17.0151,54.0924,78.89,89,75,5.75
311,Chara,RU,2021-07-20 20:19:08,56.9064,118.2631,60.87,82,73,3.18
312,Rosenberg,SK,2021-07-20 20:14:20,49.0748,19.3075,62.35,97,23,3.74
313,Zaltan,LY,2021-07-20 20:19:08,32.947,11.8665,78.21,71,0,9.4
314,Saskylakh,RU,2021-07-20 20:19:08,71.9167,114.0833,54.14,79,100,5.61
315,Putina,PE,2021-07-20 20:19:09,-15.4667,-69.4333,50.32,43,21,8.48
316,Half Moon Bay,US,2021-07-20 20:15:07,37.4636,-122.4286,89.49,68,20,12.66
317,Broome,US,2021-07-20 20:19:09,42.2506,-75.833,86.7,62,40,1.99
318,Sandakan,MY,2021-07-20 20:19:09,5.8402,118.1179,80.28,89,20,2.3
319,Vardo,NO,2021-07-20 20:19:09,70.3705,31.1107,44.8,70,20,8.05
320,Basco,PH,2021-07-20 20:19:10,20.4487,121.9702,83.05,79,100,17.2
321,Ostrovnoy,RU,2021-07-20 20:19:10,68.0531,39.5131,46.2,88,96,4.68
322,Hattiesburg,US,2021-07-20 20:17:16,31.3271,-89.2903,81.54,89,75,17.27
323,Katsuura,JP,2021-07-20 20:19:10,35.1333,140.3,79.11,83,69,2.55
324,Taoudenni,ML,2021-07-20 20:19:11,22.6783,-3.9836,111.99,8,94,8.1
325,Eureka,US,2021-07-20 20:14:21,40.8021,-124.1637,65.19,78,68,3.0
326,Enniscorthy,IE,2021-07-20 20:19:11,52.5008,-6.5578,69.82,88,0,2.68
327,Artyom,AZ,2021-07-20 20:19:11,40.4723,50.333,80.74,68,17,1.23
328,Pangody,RU,2021-07-20 20:19:12,65.85,74.4859,61.7,61,82,15.03
329,Pinotepa Nacional,MX,2021-07-20 20:19:12,16.3167,-98.0167,92.19,47,99,9.48
330,Cache Creek,CA,2021-07-20 20:15:07,50.8101,-121.3246,80.91,22,2,5.99
331,Maraa,BR,2021-07-20 20:19:12,-1.8333,-65.3667,82.98,64,32,3.06
332,Portland,US,2021-07-20 20:14:27,45.5234,-122.6762,78.89,56,40,3.0
333,Shawinigan,CA,2021-07-20 20:18:53,46.5668,-72.7491,74.57,49,100,6.91
334,Mackay,AU,2021-07-20 20:16:51,-21.15,149.2,57.04,47,0,11.1
335,Aripuana,BR,2021-07-20 20:19:13,-9.1667,-60.6333,92.75,26,1,4.07
336,Seoul,KR,2021-07-20 20:18:18,37.5683,126.9778,78.24,100,20,3.44
337,Quesnel,CA,2021-07-20 20:15:07,52.9999,-122.5029,70.3,52,75,13.8
338,Shenjiamen,CN,2021-07-20 20:19:13,29.9576,122.298,79.54,84,1,16.02
339,Birnin Kebbi,NG,2021-07-20 20:19:13,12.4539,4.1975,87.44,51,75,10.74
340,Iseyin,NG,2021-07-20 20:19:14,7.9667,3.6,73.02,90,100,4.7
341,Kostomuksha,RU,2021-07-20 20:19:14,64.571,30.5767,46.89,75,83,5.91
342,Mocuba,MZ,2021-07-20 20:19:14,-16.8392,36.9856,63.77,89,0,3.51
343,Cherskiy,RU,2021-07-20 20:14:24,68.75,161.3,58.82,48,100,4.81
344,Gazojak,TM,2021-07-20 20:19:15,41.1875,61.4036,92.32,14,42,8.48
345,Cap Malheureux,MU,2021-07-20 20:19:15,-19.9842,57.6142,71.47,65,76,8.99
346,Talcahuano,CL,2021-07-20 20:19:15,-36.7167,-73.1167,58.68,82,0,10.36
347,Butka,RU,2021-07-20 20:19:16,56.7179,63.7866,63.43,77,98,6.8
348,Yakeshi,CN,2021-07-20 20:19:16,49.2833,120.7333,64.02,91,12,4.12
349,Conceicao Do Araguaia,BR,2021-07-20 20:19:16,-8.2578,-49.2647,95.13,26,0,5.75
350,Tefe,BR,2021-07-20 20:19:16,-3.3542,-64.7114,82.51,69,40,3.44
351,Shache,CN,2021-07-20 20:16:07,38.4167,77.2406,72.55,50,99,4.92
352,Pedernales,DO,2021-07-20 20:19:17,18.0384,-71.744,91.13,48,9,15.55
353,Tessalit,ML,2021-07-20 20:19:17,20.1986,1.0114,98.76,22,93,9.33
354,Ixtapa,MX,2021-07-20 20:19:17,20.7,-105.2,90.23,74,1,6.91
355,Rocha,UY,2021-07-20 20:19:18,-34.4833,-54.3333,53.26,66,9,10.27
356,Talnakh,RU,2021-07-20 20:14:29,69.4865,88.3972,49.55,80,0,4.88
357,Xuddur,SO,2021-07-20 20:19:18,4.1213,43.8894,73.85,57,59,20.24
358,Bikapur,IN,2021-07-20 20:19:18,26.6,82.1333,79.97,91,100,5.1
359,Sokoni,TZ,2021-07-20 20:19:18,-6.4333,39.55,76.87,80,13,17.78
360,Chiplun,IN,2021-07-20 20:19:19,17.5333,73.5167,76.95,94,100,5.97
361,Altay,CN,2021-07-20 20:19:19,47.8667,88.1167,67.12,34,0,7.14
362,Hovd,MN,2021-07-20 20:19:19,48.0056,91.6419,63.82,49,3,1.19
363,Yushu,CN,2021-07-20 20:19:20,44.8,126.5333,71.11,91,63,4.68
364,Kloulklubed,PW,2021-07-20 20:19:20,7.0419,134.2556,83.19,77,97,8.16
365,Aklavik,CA,2021-07-20 20:14:29,68.2191,-135.0107,80.53,34,7,15.1
366,Lata,PT,2021-07-20 20:19:20,40.1629,-8.3327,67.05,89,25,5.14
367,Bontang,ID,2021-07-20 20:19:20,0.1333,117.5,78.12,86,44,6.51
368,Choma,ZM,2021-07-20 20:19:21,-16.8065,26.9531,53.78,57,0,3.91
369,Dzaoudzi,YT,2021-07-20 20:19:21,-12.7887,45.2699,75.09,83,0,4.61
370,Coos Bay,US,2021-07-20 20:19:21,43.3665,-124.2179,82.85,71,1,16.11
371,Shubarkuduk,KZ,2021-07-20 20:19:21,49.1447,56.4872,82.11,30,34,8.95
372,Coquimbo,CL,2021-07-20 20:19:22,-29.9533,-71.3436,55.13,82,20,11.5
373,Ewa Beach,US,2021-07-20 20:18:22,21.3156,-158.0072,85.95,57,1,20.0
374,Mao,ES,2021-07-20 20:19:22,39.8885,4.2658,75.76,78,0,4.61
375,Salinas,US,2021-07-20 20:15:44,36.6777,-121.6555,89.56,57,1,10.36
376,Sibu,MY,2021-07-20 20:19:22,2.3,111.8167,77.31,94,20,0.0
377,Lima,PE,2021-07-20 20:16:59,-12.0432,-77.0282,65.14,72,75,9.22
378,Mantua,IT,2021-07-20 20:19:23,45.1667,10.7833,83.08,68,4,3.0
379,Necochea,AR,2021-07-20 20:19:23,-38.5473,-58.7368,55.04,63,56,13.04
380,Guerrero Negro,MX,2021-07-20 20:19:23,27.9769,-114.0611,78.35,58,12,19.33
381,Bereda,ES,2021-07-20 20:19:24,43.2686,-7.5406,68.58,91,57,2.77
382,Leningradskiy,RU,2021-07-20 20:19:24,69.3833,178.4167,36.5,79,26,7.99
383,Goderich,CA,2021-07-20 20:15:06,43.7501,-81.7165,80.04,88,2,13.49
384,Tongliao,CN,2021-07-20 20:19:24,43.6125,122.2653,72.3,84,12,8.28
385,Gizo,SB,2021-07-20 20:19:24,-8.103,156.8419,81.75,75,93,14.2
386,Marsa Matruh,EG,2021-07-20 20:19:25,31.3525,27.2453,80.8,78,0,16.11
387,Sitka,US,2021-07-20 20:19:25,57.0531,-135.33,62.49,67,20,8.05
388,Manjacaze,MZ,2021-07-20 20:19:25,-24.7117,33.8828,64.51,84,39,5.03
389,Pangnirtung,CA,2021-07-20 20:19:25,66.1451,-65.7125,44.6,87,90,4.61
390,Payo,ID,2021-07-20 20:19:26,-3.7508,103.6372,71.58,94,41,2.57
391,Sakakah,SA,2021-07-20 20:19:26,29.9697,40.2064,99.97,14,8,7.76
392,Margate,GB,2021-07-20 20:19:26,51.3813,1.3862,69.89,78,57,9.31
393,Scarborough,GB,2021-07-20 20:15:07,54.2797,-0.4044,66.65,85,1,1.99
394,Wageningen,NL,2021-07-20 20:19:27,51.9667,5.6667,66.88,79,2,1.14
395,Mananjary,MG,2021-07-20 20:19:27,-21.2167,48.3333,67.96,90,68,5.7
396,Peskovka,RU,2021-07-20 20:19:27,59.0448,52.3606,62.2,98,100,3.18
397,Serenje,ZM,2021-07-20 20:19:27,-13.2325,30.2352,53.44,62,0,4.29
398,Urumqi,CN,2021-07-20 20:14:35,43.801,87.6005,77.95,22,0,8.95
399,Amparafaravola,MG,2021-07-20 20:19:28,-17.5833,48.2167,60.84,83,67,7.7
400,Bireun,ID,2021-07-20 20:19:28,5.203,96.7009,77.45,77,100,5.03
401,Bimbo,CF,2021-07-20 20:19:28,4.2567,18.4158,74.66,81,69,2.28
402,Vila Franca Do Campo,PT,2021-07-20 20:19:28,37.7167,-25.4333,72.01,92,98,16.06
403,Ulladulla,AU,2021-07-20 20:19:29,-35.35,150.4667,49.08,57,91,20.49
404,Gigmoto,PH,2021-07-20 20:19:29,13.7796,124.39,80.76,87,100,10.94
405,Mount Isa,AU,2021-07-20 20:19:29,-20.7333,139.5,46.17,57,45,0.0
406,Alta Floresta,BR,2021-07-20 20:19:30,-9.8756,-56.0861,93.02,26,0,4.61
407,Saint George,US,2021-07-20 20:15:08,37.1041,-113.5841,97.39,32,1,5.01
408,Grindavik,IS,2021-07-20 20:19:30,63.8424,-22.4338,51.75,100,90,16.11
409,Saint-Pierre,RE,2021-07-20 20:19:30,-21.3393,55.4781,69.48,72,0,24.16
410,Novokizhinginsk,RU,2021-07-20 20:19:30,51.6115,109.5917,59.47,79,100,2.91
411,Klaksvik,FO,2021-07-20 20:19:31,62.2266,-6.589,52.72,91,38,1.16
412,Carnduff,CA,2021-07-20 20:19:31,49.1667,-101.8009,87.12,39,100,8.37
413,Meulaboh,ID,2021-07-20 20:19:31,4.1363,96.1285,76.82,85,100,2.75
414,Tonk,IN,2021-07-20 20:19:32,26.1667,75.7833,82.9,77,100,11.79
415,Portree,GB,2021-07-20 20:19:32,57.4129,-6.1942,58.86,85,3,5.17
416,Kushiro,JP,2021-07-20 20:17:06,42.975,144.3747,64.56,96,55,3.6
417,Yulara,AU,2021-07-20 20:19:32,-25.2406,130.9889,49.84,53,5,5.75
418,Seljord,NO,2021-07-20 20:19:32,59.4894,8.634,62.67,65,22,3.15
419,Bandarbeyla,SO,2021-07-20 20:19:33,9.4942,50.8122,76.48,81,84,30.4
420,Nuuk,GL,2021-07-20 20:19:33,64.1835,-51.7216,48.81,76,75,8.05
421,Miram Shah,PK,2021-07-20 20:19:33,33.0086,70.0697,79.12,70,0,2.13
422,Mkushi,ZM,2021-07-20 20:19:33,-13.6202,29.3939,55.11,57,0,3.53
423,Heinola,FI,2021-07-20 20:19:34,61.2056,26.0381,59.09,55,84,7.87
424,Sovetskiy,RU,2021-07-20 20:19:34,61.3614,63.5842,66.4,75,100,4.79
425,Bajina Basta,RS,2021-07-20 20:19:34,43.9708,19.5675,68.5,100,20,4.61
426,Mandaguacu,BR,2021-07-20 20:19:34,-23.3472,-52.0953,61.65,40,100,3.94
427,Aguas Vermelhas,BR,2021-07-20 20:19:35,-15.7472,-41.46,69.6,73,87,10.51
428,Hare Bay,CA,2021-07-20 20:19:35,48.8499,-54.0148,72.75,95,100,8.23
429,Bonnyville,CA,2021-07-20 20:16:53,54.2668,-110.735,63.72,36,79,7.45
430,Nichinan,JP,2021-07-20 20:19:11,31.6,131.3667,77.5,87,100,16.06
431,Sawakin,SD,2021-07-20 20:19:35,19.1059,37.3321,90.39,56,100,15.17
432,Sladkovo,RU,2021-07-20 20:19:36,55.5284,70.3385,59.97,79,7,4.99
433,Tura,IN,2021-07-20 20:19:36,25.5198,90.2201,75.36,96,100,4.34
434,Humaita,BR,2021-07-20 20:19:36,-7.5061,-63.0208,94.41,29,0,3.4
435,Hirara,JP,2021-07-20 20:19:36,24.8,125.2833,81.45,89,100,37.24
436,Erenhot,CN,2021-07-20 20:19:37,43.6475,111.9767,81.18,42,0,9.91
437,Mogok,MM,2021-07-20 20:19:37,22.9167,96.5,66.79,99,99,2.93
438,Qui Nhon,VN,2021-07-20 20:19:37,13.7667,109.2333,83.77,68,100,16.6
439,Abu Samrah,SY,2021-07-20 20:19:37,35.3029,37.1841,79.2,43,0,14.43
440,Luena,AO,2021-07-20 20:19:38,-11.7833,19.9167,56.8,40,100,3.09
441,Dryden,CA,2021-07-20 20:15:07,49.7833,-92.7503,77.0,34,100,1.86
442,Mitzic,GA,2021-07-20 20:19:38,0.7821,11.549,73.36,69,35,3.53
443,Nivala,FI,2021-07-20 20:19:38,63.9167,24.9667,50.68,67,28,6.15
444,Altamira,BR,2021-07-20 20:19:38,-3.2033,-52.2064,89.69,58,20,4.61
445,Walvis Bay,NA,2021-07-20 20:19:39,-22.9575,14.5053,57.09,76,1,2.3
446,Afzalgarh,IN,2021-07-20 20:19:39,29.4,78.6833,77.07,93,100,4.94
447,Khani,GE,2021-07-20 20:19:39,41.9563,42.9566,72.97,56,0,4.47
448,Lucapa,AO,2021-07-20 20:19:40,-8.4192,20.7447,70.54,26,0,2.1
449,Ponta Pora,BR,2021-07-20 20:19:40,-22.5361,-55.7256,66.11,22,0,0.0
450,Dawlatabad,AF,2021-07-20 20:19:40,36.4141,64.9053,84.11,20,3,4.63
451,Saint-Prosper,CA,2021-07-20 20:19:40,46.2117,-70.4811,77.68,74,98,3.11
452,Umm Lajj,SA,2021-07-20 20:17:17,25.0213,37.2685,88.79,59,18,7.11
453,Biasong,PH,2021-07-20 20:19:41,10.5229,123.736,79.39,84,100,11.34
454,Tuy Hoa,VN,2021-07-20 20:16:54,13.0833,109.3,82.18,66,71,15.26
455,Japura,ID,2021-07-20 20:19:41,-0.3167,102.35,74.68,92,100,2.3
456,Mankono,CI,2021-07-20 20:19:41,8.0586,-6.1897,75.78,80,100,4.47
457,Batagay,RU,2021-07-20 20:19:42,67.6333,134.6333,60.58,68,100,5.95
458,Atambua,ID,2021-07-20 20:19:42,-9.1061,124.8925,69.24,90,18,5.66
459,Winnemucca,US,2021-07-20 20:19:42,40.973,-117.7357,89.65,27,1,8.05
460,Marathon,US,2021-07-20 20:19:43,44.9,-89.7668,83.95,68,20,1.01
461,Kotma,IN,2021-07-20 20:19:43,23.2,81.9667,75.78,89,100,5.84
462,Zhigansk,RU,2021-07-20 20:19:43,66.7697,123.3711,54.97,77,100,10.89
463,Terrace,CA,2021-07-20 20:19:43,54.5163,-128.6035,66.11,72,75,8.05
464,Raichur,IN,2021-07-20 20:19:44,16.2,77.3667,73.87,83,100,18.37
465,Sobolevo,RU,2021-07-20 20:19:44,54.4299,31.8996,64.8,56,100,8.01
466,Bud,US,2021-07-20 20:19:44,39.447,-86.1758,85.51,49,40,7.14
467,Pamyat Parizhskoy Kommuny,RU,2021-07-20 20:19:44,56.1048,44.4952,67.95,89,0,5.97
468,Moron,AR,2021-07-20 20:19:45,-34.6534,-58.6198,62.06,40,0,8.63
469,Sangar,RU,2021-07-20 20:19:45,63.9242,127.4739,64.0,67,100,4.12
470,Veraval,IN,2021-07-20 20:19:46,20.9,70.3667,82.74,83,100,23.64
471,Plettenberg Bay,ZA,2021-07-20 20:19:46,-34.0527,23.3716,51.28,78,86,14.29
472,Ulaanbaatar,MN,2021-07-20 20:19:43,47.9077,106.8832,63.34,82,100,4.45
473,Tra Vinh,VN,2021-07-20 20:19:47,9.9347,106.3453,76.71,92,100,4.72
474,Kavieng,PG,2021-07-20 20:19:31,-2.5744,150.7967,80.89,77,100,5.46
475,Laguna,US,2021-07-20 20:17:52,38.421,-121.4238,100.65,39,1,5.99
476,Mareeba,AU,2021-07-20 20:19:47,-17.0,145.4333,66.92,96,100,2.8
477,Ranong,TH,2021-07-20 20:19:47,9.9658,98.6348,79.84,87,100,15.77
478,Kudahuvadhoo,MV,2021-07-20 20:19:48,2.6708,72.8944,81.81,76,24,7.9
479,Deneysville,ZA,2021-07-20 20:19:48,-26.8908,28.0971,44.15,41,0,6.26
480,Geraldton,AU,2021-07-20 20:19:25,-28.7667,114.6,66.13,77,75,20.71
481,Buraydah,SA,2021-07-20 20:19:48,26.326,43.975,97.25,8,98,10.16
482,Mozelos,PT,2021-07-20 20:19:48,41.8677,-8.3978,76.28,88,80,3.0
483,Toktogul,KG,2021-07-20 20:19:49,41.8708,72.9402,64.67,77,76,1.03
484,Nijar,ES,2021-07-20 20:19:49,36.9665,-2.206,73.89,83,20,3.44
485,Abay,KZ,2021-07-20 20:19:49,49.6311,72.8539,59.38,80,97,10.31
486,Aguimes,ES,2021-07-20 20:19:49,27.9054,-15.4461,69.66,73,20,24.16
487,Mattru,SL,2021-07-20 20:19:50,7.6244,-11.8332,73.85,95,100,3.65
488,Santa Ana Arriba,DO,2021-07-20 20:19:50,19.3,-70.35,92.25,62,11,12.82
489,Cayenne,GF,2021-07-20 20:19:50,4.9333,-52.3333,84.24,79,0,3.0
490,San Clemente,US,2021-07-20 20:19:51,33.427,-117.612,104.32,65,43,1.01
491,Elk City,US,2021-07-20 20:15:18,35.412,-99.4043,84.69,54,40,4.61
492,Lermontovka,RU,2021-07-20 20:19:51,47.1453,134.3383,72.52,83,99,3.15
493,Ahipara,NZ,2021-07-20 20:19:51,-35.1667,173.1667,56.55,85,100,15.82
494,Cahors,FR,2021-07-20 20:19:51,44.4167,1.3333,80.15,69,61,4.25
495,Huangmei,CN,2021-07-20 20:19:52,30.1924,116.025,78.66,90,100,4.47
496,Nantucket,US,2021-07-20 20:16:35,41.2835,-70.0995,83.25,83,1,10.36
497,Chalisgaon,IN,2021-07-20 20:19:52,20.4667,75.0167,77.95,80,100,16.98
498,Hami,CN,2021-07-20 20:19:52,42.8,93.45,70.63,61,54,6.31
499,Larsnes,NO,2021-07-20 20:19:52,62.2028,5.5773,55.81,80,19,5.86
500,Dudinka,RU,2021-07-20 20:19:53,69.4058,86.1778,47.39,69,10,2.86
501,Boa Esperanca,BR,2021-07-20 20:19:53,-21.09,-45.5658,68.65,16,91,4.63
502,Lamar,US,2021-07-20 20:19:53,33.6668,-95.5836,87.71,51,20,10.36
503,Paracuru,BR,2021-07-20 20:18:57,-3.41,-39.0306,82.42,74,6,15.41
504,Kharp,RU,2021-07-20 20:19:53,66.8014,65.8081,52.18,91,19,10.96
505,Maneadero,MX,2021-07-20 20:19:54,31.7167,-116.5667,85.19,75,12,1.99
506,Emba,KZ,2021-07-20 20:19:54,48.8264,58.1442,81.01,29,44,11.68
507,Ust-Kut,RU,2021-07-20 20:19:54,56.7938,105.7672,61.57,67,100,1.54
508,Marsh Harbour,BS,2021-07-20 20:19:54,26.5412,-77.0636,84.7,73,60,13.51
509,Ponta Delgada,PT,2021-07-20 20:19:55,37.7333,-25.6667,72.32,94,75,14.97
510,Quatre Cocos,MU,2021-07-20 20:19:55,-20.2078,57.7625,71.1,69,94,20.87
511,Alaca,TR,2021-07-20 20:19:55,40.1683,34.8425,74.16,67,0,6.06
512,Bojonegoro,ID,2021-07-20 20:19:55,-7.1502,111.8817,73.49,87,74,4.21
513,Sisimiut,GL,2021-07-20 20:19:56,66.9395,-53.6735,47.66,74,94,6.98
514,Malanje,AO,2021-07-20 20:19:56,-9.5402,16.341,69.3,27,0,3.67
515,Ust-Kan,RU,2021-07-20 20:19:56,50.9276,84.761,55.29,80,100,2.04
516,Inirida,CO,2021-07-20 20:19:56,3.8653,-67.9239,80.85,85,52,2.8
517,Ferrol,ES,2021-07-20 20:19:57,43.4832,-8.2369,68.25,87,45,2.06
518,Kingisepp,RU,2021-07-20 20:19:57,59.3733,28.6134,55.6,94,64,4.47
519,Dolinsk,RU,2021-07-20 20:19:57,47.35,142.8,60.66,93,90,2.42
520,Imbituva,BR,2021-07-20 20:19:57,-25.23,-50.6044,53.56,60,100,0.96
521,Barcelos,PT,2021-07-20 20:17:31,41.5388,-8.6151,67.91,91,61,5.93
522,Lahij,YE,2021-07-20 20:19:58,13.1667,44.5833,84.6,57,61,3.24
523,Kavaratti,IN,2021-07-20 20:19:58,10.5669,72.642,82.36,78,100,17.58
524,Tilichiki,RU,2021-07-20 20:19:58,60.4667,166.1,56.12,59,100,2.35
525,Baghdad,IQ,2021-07-20 20:18:47,33.3406,44.4009,102.11,16,0,11.5
526,Itoman,JP,2021-07-20 20:19:58,26.1247,127.6694,81.37,91,75,28.77
527,Waingapu,ID,2021-07-20 20:19:59,-9.6567,120.2641,73.27,83,31,7.14
528,Coihaique,CL,2021-07-20 20:19:59,-45.5752,-72.0662,49.95,57,75,6.91
529,Kochubey,RU,2021-07-20 20:20:00,44.3861,46.5825,81.41,37,0,8.75
530,Alofi,NU,2021-07-20 20:20:00,-19.0595,-169.9187,76.89,83,40,10.36
531,Sagarejo,GE,2021-07-20 20:20:00,41.734,45.3315,84.63,38,0,5.55
532,Pemangkat,ID,2021-07-20 20:20:00,1.1667,108.9667,78.31,87,95,5.57
533,Praia Da Vitoria,PT,2021-07-20 20:20:01,38.7333,-27.0667,75.45,69,20,13.11
534,Saint-Georges,GD,2021-07-20 20:20:01,12.0564,-61.7485,85.68,70,40,23.02
535,Solhan,TR,2021-07-20 20:20:01,38.9634,41.0293,76.39,20,0,1.12
536,Whitehorse,CA,2021-07-20 20:20:01,60.7161,-135.0538,66.97,55,75,6.91
537,Vols,AT,2021-07-20 20:20:02,47.25,11.3333,65.84,72,40,2.3
538,Mandalgovi,MN,2021-07-20 20:20:02,45.7625,106.2708,69.04,64,100,8.77
539,Ondangwa,NA,2021-07-20 20:20:03,-17.9167,15.95,62.6,29,0,3.44
540,Mnogovershinnyy,RU,2021-07-20 20:20:03,53.9353,139.9242,65.75,66,100,5.77
541,Nagapattinam,IN,2021-07-20 20:20:04,10.7667,79.8333,83.23,66,99,11.21
542,Druzhba,UA,2021-07-20 20:20:04,52.0428,33.9453,68.41,69,88,6.98
543,Qaqortoq,GL,2021-07-20 20:20:04,60.7167,-46.0333,48.7,83,100,4.9
544,Kamenka,RU,2021-07-20 20:20:05,51.3223,42.7678,69.1,73,41,6.22
545,Okhotsk,RU,2021-07-20 20:20:05,59.3833,143.3,57.13,85,64,6.93
546,Muravlenko,RU,2021-07-20 20:20:05,63.7898,74.523,60.35,67,75,10.76
547,Daru,PG,2021-07-20 20:20:06,-9.0763,143.2092,76.37,84,100,14.29
548,Dunedin,NZ,2021-07-20 20:20:06,-45.8742,170.5036,40.8,77,76,1.99
549,Athabasca,CA,2021-07-20 20:18:46,54.7169,-113.2854,63.01,46,33,8.28
550,Tazovskiy,RU,2021-07-20 20:20:06,67.4667,78.7,50.07,77,4,9.4
551,Ambilobe,MG,2021-07-20 20:20:07,-13.2,49.05,70.48,70,0,6.35
552,Ilorin,NG,2021-07-20 20:20:07,8.5,4.55,77.86,74,100,7.92
553,Biak,ID,2021-07-20 20:20:07,-0.9131,122.8766,74.39,88,75,6.58
554,Verkhnevilyuysk,RU,2021-07-20 20:20:07,63.4453,120.3167,56.61,98,100,3.47
555,Chadan,RU,2021-07-20 20:20:08,51.2833,91.5833,58.68,66,4,3.96
556,Katiola,CI,2021-07-20 20:20:08,8.1333,-5.1,75.61,79,87,4.5
557,Palu,ID,2021-07-20 20:20:08,-0.8917,119.8707,75.0,91,95,3.24
558,Yangjiang,CN,2021-07-20 20:20:09,21.85,111.9667,77.58,93,100,20.29
559,Tommot,RU,2021-07-20 20:20:09,58.9564,126.2925,64.18,94,95,2.77
560,Felipe Carrillo Puerto,MX,2021-07-20 20:20:09,19.5833,-88.05,93.06,44,22,8.16
561,Vestmanna,FO,2021-07-20 20:20:10,62.1564,-7.1664,50.92,100,90,2.3
562,Te Anau,NZ,2021-07-20 20:20:10,-45.4167,167.7167,41.65,92,100,2.21
563,Jalu,LY,2021-07-20 20:20:10,29.0331,21.5482,85.05,41,0,17.72
564,Artvin,TR,2021-07-20 20:20:10,41.1667,41.8333,72.68,40,0,1.7
565,Sabang,ID,2021-07-20 20:20:11,5.8933,95.3214,82.67,77,96,23.78
566,Cidreira,BR,2021-07-20 20:20:11,-30.1811,-50.2056,57.94,58,4,3.87
567,Ahuimanu,US,2021-07-20 20:20:11,21.4447,-157.8378,85.71,62,40,13.8
568,Ouro Preto Do Oeste,BR,2021-07-20 20:20:11,-10.7481,-62.2158,91.67,24,5,4.05
569,Oktyabrskiy,RU,2021-07-20 20:20:12,54.4815,53.471,66.02,94,98,5.08
